Applesauce,62 cal
Aam Pora Shorbot (Roasted Mango Drink),71 cal
Aloo Bhaja (Potato Fries),129 cal
Aloo Dum (Spicy Potato Curry),129 cal
Aloo Kabli (Spiced Potato Salad),150 cal
Aloo Porota,229 cal
Aloo Posto (Potatoes cooked with Poppy Seeds),112 cal
Aloo Seddho (Boiled Potatoes),97 cal
Alur Tarkari,105 cal
Arhar Dal,343 cal
Balushai(1pc),250 cal
Basanti Pulao (Sweet Saffron-infused Rice),139 cal
Begun Bhaja (Fried Eggplant Slices),166 cal
Begun Bhorta(Eggplant stuffing),70 cal
Beguni (Batter-fried Eggplant)(1pc),43 cal
Bhaat,130 cal
Bhapa Chingri (Steamed Prawns),286 cal
Bhapa Doi (Steamed Sweet Yogurt),205 cal
Biulir Dal (Black Gram Lentils),341 cal
Chana Masala (Chickpea Curry),212 cal
Chanachur,550 cal
Chanar Dalna (Cottage Cheese Curry),204 cal
Chanar Sandesh(1pc),120 cal
Chicken Biryani,173 cal
Chicken Roll(1 serving),235 cal
Chingri Bhaja (Fried Prawns),232 cal
Chingri Biryani (Prawn Biryani),152 cal
Chingri Malai Curry (Prawn in Coconut Milk),261 cal
Chirer Pulao,120 cal
Cholar Dal (Bengal Gram Lentils),318 cal
Chomchom(1pc),175 cal
Canned Apricots,48 cal
Canned Blackberries,92 cal
Canned Blueberries,88 cal
Canned Cherries,54 cal
Canned Cranberries,178 cal
Canned Crushed Pineapple,53 cal
Canned Figs,107 cal
Canned Fruit Cocktail,81 cal
Canned Fruit Salad,50 cal
Canned Gooseberries,73 cal
Canned Grapefruit,37 cal
Canned Grapes,76 cal
Canned Mandarin Oranges,71 cal
Canned Mango,65 cal
Canned Mangosteen,73 cal
Canned Mixed Fruit,71 cal
Canned Morello Cherries,81 cal
Canned Oranges,62 cal
Canned Peaches,54 cal
Canned Pears,35 cal
Canned Pineapple,60 cal
Canned Plums,58 cal
Canned Raspberries,91 cal
Canned Sliced Pineapple,53 cal
Canned Sour Cherries,114 cal
Canned Strawberries,92 cal
Canned Tangerines,61 cal
Dried Fruit,243 cal
Daab Chingri (Prawns Cooked in Tender Coconut),304 cal
Daber Jol(1 glass),50 cal
Dalpuri,124 cal
Dhokar Dalna (Bengal Gram Cake Curry),279 cal
Dimer Dalna(Egg Curry),131 cal
Dimer Devil,226 cal
Doi Maach (Fish in Yogurt Sauce),156 cal
Egg White Omlette,123 cal
Enchorer Dalna(Jackfruit Curry),105 cal
Falooda(1 glass),300 cal
Fish Fry,169 cal
Fish Tikka,91 cal
Ilish Bhapa (Steamed Hilsa),475 cal
Jalebi(4pc),264 cal
Jhal Muri (Spicy Puffed Rice Snack),192 cal
Jhinge Posto (Ridge Gourd in Poppy Seed Paste),106 cal
Kacha Aamer Chutney (Raw Mango Chutney),198 cal
Kaju Barfi(5pc),480 cal
Kalo Jam(Gulab Jamun),346 cal
Kheer (Rice Pudding),208 cal
Khichuri,215 cal
Koraishutir Kochuri (Peas-stuffed Fried Bread),332 cal
Kosha Mangsho (Slow-cooked Mutton Curry),276 cal
Laal saak bhaja,50 cal
Labra (Mixed Vegetable Curry),188 cal
Luchi (Fried Flatbread)(1pc),89 cal
Macher Dimer Bora (Fish Roe Fritters),164 cal
Macher Paturi (Fish Fillet Wrapped in Banana Leaf),220 cal
Malpowa(1pc),325 cal
Masoor dal,165 cal
Mishti Doi (Sweet Yogurt),179 cal
Mochar Ghonto (Banana Flower Curry),160 cal
Moong dal,211 cal
Mughlai Porota(1 pc),115 cal
Murgir Jhol (Chicken Curry),172 cal
Murgir korma, 250 cal
Muri Ghonto (Fish Head Curry),173 cal
Muttar Paneer,147cal
Mutton Dak Bungalow (Spicy Mutton),300 cal
Mutton Rezala (Mutton Curry),323 cal
Narkel Naru (Coconut Ladoo),311 cal
Panta Bhat (Fermented Rice),109 cal
Patishapta (Stuffed Rice Crepes),150 cal
Patla Machher Jhol (Fish Curry),98 cal
Payesh (Rice Pudding),141 cal
Phirni,110 cal
Phuchka (Hollow Puffed Snacks filled with Spiced Water)(1pc),36 cal
Pomfret Curry, 36 cal
Potol Bhaja (Fried Pointed Gourd),64 cal
Pui Shak diye masoor dal (Malabar Spinach),138 cal
Radhaballavi (Stuffed Lentil Bread),364 cal
Raita,50 cal
Rajmah,127 cal
Rasmalai (Dessert made with Cheese Balls in Sweet Milk),190 cal
Rosogolla (Syrup-soaked Spongy Balls),268 cal
Rui Macher Jhol (Rohu Fish Curry),146 cal
Sabji Kofta Tarkari,147 cal
Sabji Korma,88 cal
Sabjir Kofta Curry,147 cal
Shahi Paneer,283 cal
Shobji Diye Macher Jhol (Vegetable-infused Fish Curry),232 cal
Shondesh Pitha (Rice Flour Pancakes with Sweet Filling),200 cal
Shorshe Bata Diye Maach (Fish in Mustard Paste),146 cal
Shorshe Ilish (Hilsa Fish in Mustard Sauce),339 cal
Shorshe Phulkopi (Cauliflower in Mustard Sauce),85 cal
Shukto (Mixed Vegetables in Mustard Sauce),323 cal
Soojir Halwa,310 cal
Tomato Chutney (Tomato Relish),65 cal
Ucche Bhaja(Karela), 213 cal
Vegetable Pulao, 117 cal
Acai,70 cal
Apple,52 cal
Applesauce,68 cal
Apricot,48 cal
Avocado,160 cal
Banana,89 cal
Blackberries,43 cal
Blood Oranges,50 cal
Blueberries,57 cal
Cantaloupe,34 cal
Cherries,50 cal
Clementine,47 cal
Cranberries,46 cal
Currants,56 cal
Custard Apple,101 cal
Dates,282 cal
Figs,74 cal
Fruit salad,50 cal
Grapes,69 cal
Greengage,41 cal
Guava,68 cal
Jackfruit,95 cal
Jujube,79 cal
Kiwi,61 cal
Lemon,29 cal
Lime,30 cal
Lychees,66 cal
Mandarin Oranges,53 cal
Mango,60 cal
Minneola,64 cal
Mulberries,43 cal
Nectarine,44 cal
Olives,115 cal
Orange,47 cal
Papaya,43 cal
Passion Fruit,97 cal
Peach,39 cal
Pear,57 cal
Persimmon,127 cal
Physalis,49 cal
Pineapple,50 cal
Plantains,122 cal
Plum,46 cal
Pomegranate,83 cal
Quince,57 cal
Raisins,299 cal
Rambutan,82 cal
Raspberries,52 cal
Rhubarb,21 cal
Starfruit,31 cal
Strawberries,32 cal
Tamarind,239 cal
Tangerine,53 cal
Watermelon,30 cal
Acerola,32 cal
Asian Pear,42 cal
Avocado,160 cal
Banana,89 cal
Breadfruit,103 cal
Cantaloupe Melon,34 cal
Casaba Melon,28 cal
Cherimoya,75 cal
Dragon Fruit,60 cal
Durian,147 cal
Feijoa,55 cal
Galia Melon,23 cal
Grapefruit,42 cal
Guava,68 cal
Honeydew,36 cal
Jackfruit,95 cal
Kiwi,61 cal
Kumquat,71 cal
Lychee,66 cal
Mandarin Oranges,53 cal
Mango,60 cal
Mangosteen,73 cal
Maracuya,97 cal
Maraschino Cherries,165 cal
Muskmelon,34 cal
Noni,53 cal
Passion Fruit,97 cal
Pineapple,50 cal
Pink Grapefruit,42 cal
Plantain,122 cal
Pomegranate,83 cal
Pomelo,38 cal
Prickly Pear,41 cal
Rambutan,82 cal
Sapodilla,83 cal
Soursop Fruit,66 cal
Star Fruit,31 cal
Tamarind,239 cal
Watermelon,30 cal
All-blue Potatoes,61 cal
Baked Potato,93 cal
Boiled Potatoes,87 cal
Cassava,160 cal
Croquettes,127 cal
Dumpling Dough,124 cal
Dumplings,124 cal
French Fingerling Potatoes,82 cal
French Fries,312 cal
Fried Potatoes,312 cal
Gnocchi,133 cal
Japanese Sweet Potatoes,87 cal
Marrow Dumplings,424 cal
Mashed Potatoes,89 cal
Norland Red Potatoes,89 cal
Omelette,154 cal
Potato,77 cal
Potato Dumpling,124 cal
Potato Fritter,185 cal
Potato Gratin,132 cal
Potato Pancakes,268 cal
Potato Salad,143 cal
Potato Starch,331 cal
Potato Sticks,522 cal
Potato Waffles,167 cal
Potato Wedges,123 cal
Potatoes au Gratin,132 cal
Purple Majesty Potatoes,72 cal
Red Gold Potatoes,89 cal
Red Potatoes,89 cal
Roast Potatoes,149 cal
Rosemary Potatoes,93 cal
Rösti,138 cal
Russet Potatoes,97 cal
Russian Banana Potatoes,67 cal
Sweet Potato,92 cal
White Potatoes,94 cal
Yams,116 cal
Yukon Gold Potatoes,82 cal
Artichoke,47 cal
Arugula,25 cal
Asparagus,20 cal
Aubergine,25 cal
Beetroot,43 cal
Bell Pepper,20 cal
Black Olives,115 cal
Broccoli,34 cal
Brussels Sprouts,43 cal
Cabbage,25 cal
Capsicum,27 cal
Carrot,41 cal
Cauliflower,25 cal
Celery,16 cal
Chard,19 cal
Cherry Tomato,100 cal
Chicory,72 cal
Chinese Cabbage,16 cal
Chives,30 cal
Collard Greens,32 cal
Corn,365 cal
Courgette,17 cal
Creamed Spinach,74 cal
Cucumber,16 cal
Eggplant,25 cal
Endive,17 cal
Fennel,31 cal
Garlic,149 cal
Gherkin,14 cal
Gourd,14 cal
Green Beans,31 cal
Green Olives,115 cal
Green Onion,32 cal
Horseradish,48 cal
Kale,49 cal
Kohlrabi,27 cal
Kumara,86 cal
Leek,61 cal
Lettuce,15 cal
Mushrooms,22 cal
Mustard Greens,27 cal
Nori,35 cal
Okra,33 cal
Olives,115 cal
Onion,40 cal
Parsnips,75 cal
Peas,81 cal
Pepper,27 cal
Potato,77 cal
Pumpkin,26 cal
Radishes,16 cal
Red Cabbage,31 cal
Rutabaga,38 cal
Shallots,72 cal
Spinach,23 cal
Squash,45 cal
Sweet Potato,86 cal
Tomato,18 cal
Turnip Greens,20 cal
Turnips,28 cal
Wasabi,109 cal
Winter Squash,34 cal
Zucchini,17 cal
Arby’s Grand Turkey Club,210 cal
Arby’s Reuben,208 cal
Arby’s Roast Beef Classic,234 cal
Arby’s Roast Beef Max,234 cal
BBQ Rib,212 cal
Bean Burrito,200 cal
Big N’ Tasty,223 cal
Bratwurst,333 cal
Burger King Angry Whopper,255 cal
Burger King Double Whopper,239 cal
Burger King Double Whopper with Cheese,249 cal
Burger King Original Chicken Sandwich,301 cal
Burger King Premium Alaskan Fish Sandwich,259 cal
Burger King Triple Whopper,269 cal
Burger King Whopper,231 cal
Burger King Whopper Jr.,234 cal
Burger King Whopper with Cheese,241 cal
Cheeseburger,263 cal
Chicken Breast,163 cal
Chicken Fajita,147 cal
Chicken McNuggets,302 cal
Chicken Nuggets,296 cal
Chicken Pizziola,141 cal
Chicken Sandwich,241 cal
Chicken Teriyaki Sandwich,138 cal
Chicken Wings,324 cal
Chop Suey,172 cal
Curly Fries,311 cal
Double Cheeseburger,267 cal
Egg Roll,250 cal
Falafel,335 cal
Filet-o-Fish,282 cal
Fish and Chips,195 cal
Fish Sandwich,273 cal
French Fries,312 cal
Grilled Chicken Salad,88 cal
Ham Sandwich,241 cal
Hamburger,254 cal
Hot Dog,269 cal
Italian BMT,183 cal
Lasagna,132 cal
McDonald’s Big Mac,256 cal
McDonald’s Cheeseburger,263 cal
McDonald’s Chicken Nuggets,297 cal
McDonald’s Double Cheeseburger,282 cal
McDonald’s Filet-o-Fish,275 cal
McDonald’s McChicken,251 cal
McDonald’s McDouble,252 cal
McDonald’s McMuffi Egg,225 cal
McDonald’s McRib,265 cal
McDonald’s Mighty Wings,308 cal
McRib,265 cal
Meatball Sandwich,161 cal
Nachos with Cheese,306 cal
Onion Rings,411 cal
Smoked Salmon,158 cal
Spicy Italian,219 cal
Subway Club Sandwich,131 cal
Tortilla Wrap,271 cal
Tuna,86 cal
Turkey,104 cal
Veggie Burger,181 cal
Veggie Delight,138 cal
Veggie Patty,390 cal
Wendy’s Baconator,304 cal
Wendy’s Jr. Bacon Cheeseburger,261 cal
Wendy’s Jr. Cheeseburger,225 cal
Wendy’s Son of Baconator,321 cal
Whopper,231 cal
Zinger,256 cal
Zinger Burger,256 cal
Poutine,227 cal
BBQ Chicken Pizza,234 cal
BBQ Pizza,224 cal
Beef Pizza,304 cal
Bianca Pizza,246 cal
Buffalo Chicken Pizza,252 cal
Calabrese Pizza,235 cal
Calzone,231 cal
Capricciosa Pizza,260 cal
Cheese Pizza,267 cal
Chicken Pizza,234 cal
Deep Dish Pizza,265 cal
Dominos Philly Cheese Steak Pizza,224 cal
Four Cheese Pizza,221 cal
Goat Cheese Pizza,219 cal
Grilled Pizza,226 cal
Hawaiian Pizza,115 cal
Margherita Pizza,275 cal
Mozzarella Pizza,249 cal
Mushroom Pizza,212 cal
Napoli Pizza,202 cal
New York Style Pizza,169 cal
Pepperoni Pizza,255 cal
Pizza Dough,228 cal
Pizza Hut Stuffed Crust Pizza,255 cal
Pizza Hut Supreme Pizza,248 cal
Pizza Rolls,247 cal
Quattro Formaggi Pizza,248 cal
Red Pepper Pizza,192 cal
Salami Pizza,255 cal
Sausage Pizza,246 cal
Seafood Pizza,245 cal
Shrimp Pizza,209 cal
Sicilian Pizza,241 cal
Spinach Feta Pizza,242 cal
Spinach Pizza,234 cal
Stuffed Crust Pizza,255 cal
Tarte Flambée,253 cal
Thin Crust Pizza,261 cal
Tuna Pizza,254 cal
Vegetable Pizza,256 cal
Vegetarian Pizza,256 cal
Veggie Pizza,231 cal
White Pizza,246 cal
American Cheese,148 cal
Applewood,410 cal
Asiago Cheese,392 cal
Babybel,333 cal
Blue Cheese,353 cal
Brie,334 cal
Camembert,300 cal
Cheddar,403 cal
Cheese Fondue,228 cal
Cheese Spread,290 cal
Cheese Whiz,276 cal
Chester,387 cal
Colby Cheese,394 cal
Colby-Jack Cheese,394 cal
Cottage Cheese,98 cal
Dutch Cheese,393 cal
Edam Cheese,357 cal
Emmentaler,357 cal
Feta,264 cal
Fontina,389 cal
Fresh Mozzarella,280 cal
Gjetost,466 cal
Goat Cheese,364 cal
Gorgonzola,350 cal
Gouda,356 cal
Grated Parmesan,431 cal
Grilled Cheese,350 cal
Gruyere,413 cal
Halloumi,321 cal
Havarti,371 cal
Italian Cheese,397 cal
Jarlsberg,352 cal
Maasdam Cheese,344 cal
Manchego Cheese,320 cal
Monterey,373 cal
Monterey Jack Cheese,373 cal
Mozzarella,280 cal
Muenster Cheese,368 cal
Neufchatel,253 cal
Parmesan,431 cal
Pecorino,387 cal
Provolone,351 cal
Raclette Cheese,357 cal
Ricotta,174 cal
Romano,387 cal
Roquefort,369 cal
Sheep Cheese,364 cal
Soft Cheese,268 cal
Stilton Cheese,393 cal
String Cheese,250 cal
Swiss Cheese,380 cal
White Cheddar,403 cal
Wisconsin Cheese,389 cal
Chive Cream Cheese,342 cal
Cottage Cheese,98 cal
Cream Cheese,342 cal
Cream Cheese with Herbs,342 cal
Feta Cream Cheese,342 cal
Garlic Cream Cheese,342 cal
Goat Cheese,364 cal
Horseradish,48 cal
Mascarpone,450 cal
Obatzda,303 cal
Olive Cream Cheese,342 cal
Pesto Cream Cheese,342 cal
Philadelphia Cream Cheese,342 cal
Pineapple Cream Cheese,342 cal
Salmon Cream Cheese,342 cal
Vegetable Cream Cheese,342 cal
Walnut Cream Cheese,342 cal
Almond Milk,17 cal
Buttermilk,62 cal
Chocolate Mousse,225 cal
Coconut Milk,230 cal
Coffee Creamer,195 cal
Condensed Milk,321 cal
Cottage Cheese,98 cal
Cream,242 cal
Creme Fraiche,393 cal
Curd,98 cal
Custard,122 cal
Evaporated Milk,135 cal
Goat Milk,69 cal
Hot Chocolate,89 cal
Kefir,55 cal
Lactose-free Milk,52 cal
Lassi,75 cal
Milk,61 cal
Plain Yogurt,61 cal
Powdered Milk,496 cal
Quark,145 cal
Rice Milk,49 cal
Rice Pudding,118 cal
Semi-skimmed Milk,50 cal
Semolina Pudding,67 cal
Skim Milk,35 cal
Sour Cream,181 cal
Soy Milk,45 cal
Sweetened Condensed Milk,321 cal
Tzatziki,117 cal
Whipped Cream,257 cal
Whole Milk,61 cal
Yogurt,61 cal
American Cheese,148 cal
Applewood,410 cal
Bergkäse,418 cal
Butter Cheese,388 cal
Cheddar,403 cal
Cheese Platter,357 cal
Cheese Slices,356 cal
Colby Cheese,394 cal
Colby-Jack Cheese,394 cal
Cold Pack Cheese,246 cal
Edam,357 cal
Edam Cheese,357 cal
Emmental,357 cal
Emmentaler,357 cal
Esrom (Cheese),322 cal
Fol Epi,388 cal
Fresh Mozzarella,280 cal
Gouda,356 cal
Gouda Cheese,356 cal
Havarti,371 cal
Lacy Swiss Cheese,321 cal
Leerdammer,284 cal
Leerdammer Cheese,284 cal
Maasdam Cheese,344 cal
Monterey Jack Cheese,373 cal
Mozzarella,280 cal
Muenster Cheese,368 cal
Pepper Cheese,100 cal
Sandwich Cheese,148 cal
Smoked Cheese,410 cal
Tilsit,340 cal
White American,148 cal
White Cheddar,403 cal
Young Gouda,356 cal
Activia,74 cal
Activia Lemon,100 cal
Activia Strawberry,97 cal
Aloe Vera Yogurt,85 cal
Ayran,42 cal
Bircher Muesli Yogurt,109 cal
Blueberry Yogurt,105 cal
Cherry Yogurt,97 cal
Chocolate Yogurt,128 cal
Cream Yogurt,124 cal
Creamy Yogurt,90 cal
Diet Yogurt,54 cal
Fruit Yogurt,97 cal
Greek Yogurt,53 cal
Low-Fat Yogurt,63 cal
Mocca Yogurt,100 cal
Organic Yogurt,75 cal
Peach Yogurt,97 cal
Plain Yogurt,61 cal
Probiotic Yogurt,80 cal
Skim Milk Yogurt,56 cal
Stracciatella Yogurt,139 cal
Strawberry Yogurt,100 cal
Vanilla Yogurt,101 cal
Yogurt,61 cal
Yogurt Corner,119 cal
Yoplait Boston Cream Pie,90 cal
Yoplait French Vanilla,100 cal
Yoplait Greek Blueberry,100 cal
Yoplait Greek Coconut,100 cal
Yoplait Greek Strawberry,100 cal
Yoplait Greek Vanilla,100 cal
Yoplait Harvest Peach,100 cal
Yoplait Key Lime Pie,100 cal
Yoplait Mango,100 cal
Yoplait Mixed Berry,100 cal
Yoplait Pina Colada,100 cal
Yoplait Strawberry,100 cal
Yoplait Strawberry Banana,100 cal
Yoplait Strawberry Cheesecake,100 cal
Beef,171 cal
Beef Brisket,137 cal
Beef Fillet,189 cal
Beef Goulash,123 cal
Beef Minute Steak,133 cal
Beef Neck,213 cal
Beef Pancreas,271 cal
Beef Patty,247 cal
Beef Prime Rib,404 cal
Beef Ribs,196 cal
Beef Sirloin,182 cal
Beef Suet,854 cal
Beef Tallow,902 cal
Beef Thymus,319 cal
Beef Tripe,94 cal
Chuck Roast,141 cal
Chuck Steak,137 cal
Filet Mignon,207 cal
Flank Steak,194 cal
Ground Beef,241 cal
Ground Chuck,250 cal
Ground Round,212 cal
Minced Veal,143 cal
Porterhouse Steak,247 cal
Rib Eye Steak,217 cal
Roast Beef,187 cal
Rump Steak,171 cal
Skirt Steak,205 cal
Stew Beef,191 cal
Strip Steak,117 cal
T-Bone-Steak,221 cal
Veal,282 cal
Veal Breast,282 cal
Veal Leg,211 cal
Veal Roast Beef,175 cal
Veal Shank,177 cal
Veal Shoulder,183 cal
Veal Sirloin,204 cal
Veal Tenderloin,217 cal
Baked Ham,343 cal
Beef Salami,375 cal
Boiled Ham,126 cal
Bologna,247 cal
Bresaola,178 cal
Capicola,110 cal
Chicken Breast Fillet,79 cal
Chopped Ham,180 cal
Chorizo,455 cal
Corned Beef,251 cal
Dutch Loaf,268 cal
Ham,145 cal
Ham Sausage,164 cal
Head Cheese,157 cal
Hickory Ham,188 cal
Honey Ham,122 cal
Liverwurst,326 cal
Olive Loaf,232 cal
Oven-Roasted Turkey Breast,104 cal
Parma Ham,345 cal
Pastrami,133 cal
Pepperoni,494 cal
Pimento Loaf,265 cal
Pork Roast,247 cal
Prosciutto,195 cal
Roast Beef,267 cal
Salami,336 cal
Serrano Ham,300 cal
Smoked Ham,107 cal
Smoked Turkey Breast,104 cal
Summer Sausage,298 cal
Tongue,284 cal
Turkey Breast,104 cal
Turkey Ham,126 cal
Turkey Salami,152 cal
Alligator,232 cal
Beef,248 cal
Beef Brisket,242 cal
Beef Jerky,410 cal
Beef Ribs,238 cal
Beef Tenderloin,218 cal
Chicken,219 cal
Chicken Breast,172 cal
Chicken Drumstick,185 cal
Chicken Fat,898 cal
Chicken Giblets,158 cal
Chicken Gizzards,146 cal
Chicken Leg,174 cal
Chicken Liver,167 cal
Chicken Meat,172 cal
Chicken Thigh,229 cal
Chicken Wing,266 cal
Chuck Steak,277 cal
Cubed Steak,199 cal
Duck,337 cal
Filet Mignon,267 cal
Flank Steak,194 cal
Flat Iron Steak,137 cal
Ground Beef,246 cal
Ground Round,246 cal
Ham,163 cal
New York Strip Steak,199 cal
Ostrich,145 cal
Pork,196 cal
Pork Baby Back Ribs,212 cal
Pork Chops,196 cal
Pork Country-Style Ribs,247 cal
Pork Loin,204 cal
Pork Roast,254 cal
Pork Steaks,196 cal
Roast Beef,140 cal
Round Steak,182 cal
Schnitzel,156 cal
Spare Ribs,238 cal
Standing Rib Roast,333 cal
T-Bone Steak,202 cal
Turkey,189 cal
Turkey Breast,135 cal
Turkey Legs,208 cal
Turkey Steak,189 cal
Turkey Wings,221 cal
Beef Brain,196 cal
Beef Heart,165 cal
Beef Kidney,158 cal
Beef Liver,191 cal
Beef Lung,120 cal
Beef Melt,271 cal
Beef Tongue,284 cal
Calf Brain,136 cal
Calf Liver,192 cal
Calf Lung,104 cal
Calf Melt,256 cal
Chicken Giblets,277 cal
Chicken Heart,185 cal
Chicken Liver,172 cal
Chicken Stomach,148 cal
Chitterlings,233 cal
Duck Liver,136 cal
Goose Liver,133 cal
Hog Maws,157 cal
Pig Brain,138 cal
Pig Heart,148 cal
Pig Kidney,151 cal
Pig Lung,99 cal
Pork Liver,165 cal
Pork Melt,219 cal
Pork Tongue,271 cal
Turkey Giblets,173 cal
Turkey Heart,174 cal
Turkey Liver,189 cal
Turkey Stomach,148 cal
Veal Heart,186 cal
Veal Kidney,163 cal
Veal Tongue,202 cal
Bacon,407 cal
Brawn,309 cal
Canadian-Style Bacon,107 cal
Chitterlings,233 cal
Ground Pork,263 cal
Hog Maws,250 cal
Lard,898 cal
Meatloaf,89 cal
Parma Ham,261 cal
Pig Ear,166 cal
Pig Fat,638 cal
Pig’s Tail,396 cal
Pig’s Trotter,243 cal
Pork Bacon,407 cal
Pork Belly,518 cal
Pork Blade Steak,232 cal
Pork Chop,123 cal
Pork Country-Style Ribs,133 cal
Pork Crown Roast,212 cal
Pork Cutlet,131 cal
Pork Cutlets,131 cal
Pork Leg,201 cal
Pork Loin,143 cal
Pork Meatloaf,243 cal
Pork Ragout,73 cal
Pork Rib Roast,159 cal
Pork Ribs,292 cal
Pork Roast,194 cal
Pork Sausage,339 cal
Pork Shank,172 cal
Pork Shoulder,269 cal
Pork Shoulder Blade,232 cal
Pork Stomach,250 cal
Rack of Pork,241 cal
Salt Meat,286 cal
Salt Pork,286 cal
Serrano Ham,339 cal
Spare Ribs,396 cal
Spareribs,238 cal
Capon,229 cal
Chicken,219 cal
Chicken Breast,172 cal
Chicken Drumsticks,185 cal
Chicken Gizzards,154 cal
Chicken Legs,174 cal
Chicken Thighs,229 cal
Chicken Wings,266 cal
Cornish Hens,259 cal
Dove,213 cal
Duck,337 cal
Duck Breast,201 cal
Emu,152 cal
Goose,305 cal
Guinea-Fowl,158 cal
Ostrich,145 cal
Ostrich Meat,145 cal
Pheasant,239 cal
Pheasant Breast,133 cal
Pheasant Leg,239 cal
Pigeon,142 cal
Poularde,200 cal
Quail,227 cal
Quail Breast,123 cal
Rhea,160 cal
Turkey,189 cal
Turkey Breast,135 cal
Turkey Cutlet,189 cal
Turkey Drumsticks,208 cal
Turkey Legs,208 cal
Turkey Steak,189 cal
Turkey Wings,221 cal
Wild Duck,211 cal
Andouille,232 cal
Bacon,407 cal
Black Pudding,379 cal
Blood Sausage,379 cal
Bockwurst,301 cal
Boiled Ham,104 cal
Bologna,247 cal
Boudin,194 cal
Bratwurst,297 cal
Brawn,157 cal
Breakfast Sausage Links,339 cal
Cheese Pastry,374 cal
Chicken Breast,79 cal
Chicken Meat,79 cal
Chicken Salad,81 cal
Chorizo,455 cal
Cooked Ham,133 cal
Corned Beef,153 cal
Cumberland Sausage,250 cal
Frankfurters,305 cal
Garlic Sausage,169 cal
Hot Dogs,278 cal
Hot Sausage,259 cal
Italian Sausage,149 cal
Jerky,410 cal
Kielbasa,309 cal
Knackwurst,307 cal
Landjaeger,352 cal
Linguica,282 cal
Liver Pate,319 cal
Liverwurst,326 cal
Luncheon Meat,117 cal
Mettwurst,310 cal
Mortadella,311 cal
Pastrami,133 cal
Pepperoni,494 cal
Polish Sausage,301 cal
Pork,247 cal
Pork Roll,302 cal
Prosciutto,195 cal
Ring Bologna,286 cal
Salami,336 cal
Sausage,230 cal
Smoked Sausage,301 cal
Souse,157 cal
Spam,315 cal
Weisswurst,313 cal
Alligator,104 cal
Alligator Meat,232 cal
Antelope Meat,150 cal
Bear Meat,259 cal
Beaver Meat,212 cal
Bison,171 cal
Bison Meat,171 cal
Bison Sirloin,171 cal
Buffalo,131 cal
Buffalo Meat,131 cal
Caribou,159 cal
Goose,238 cal
Goose Meat,238 cal
Lamb,202 cal
Lamb Meat,202 cal
Mallard Duck Meat,211 cal
Mallard Meat,211 cal
Moose,134 cal
Moose Meat,134 cal
Mutton,234 cal
Mutton Meat,234 cal
Ostrich,175 cal
Ostrich Meat,175 cal
Pheasant,239 cal
Pheasant Meat,239 cal
Rabbit,197 cal
Racoon,255 cal
Racoon Meat,255 cal
Reindeer,200 cal
Reindeer Meat,200 cal
Squirrel,173 cal
Squirrel Meat,173 cal
Venison,164 cal
Venison Sirloin,158 cal
Wild Boar,160 cal
Wild Boar Meat,160 cal
Angel Food Cake,258 cal
Apple Cake,252 cal
Apple Cobbler,198 cal
Apple Crisp,156 cal
Apple Crumble,156 cal
Apple Pie,237 cal
Apple Strudel,274 cal
Apple Turnover,348 cal
Applesauce Cake,358 cal
Baked Alaska,247 cal
Bakewell Tart,430 cal
Banoffee Pie,395 cal
Birthday Cake,465 cal
Black and White Cookie,381 cal
Black Forest Cake,264 cal
Blueberry Cobbler,234 cal
Blueberry Muffin,377 cal
Blueberry Pie,232 cal
Bundt Cake,370 cal
Buttermilk Pie,380 cal
Caramel Cake,475 cal
Carrot Cake,408 cal
Cheesecake,321 cal
Cherry Pie,260 cal
Chess Pie,411 cal
Chocolate Cake,389 cal
Chocolate Cream Pie,304 cal
Chocolate Mousse Cake,260 cal
Chocolate Mousse Pie,260 cal
Chocolate Muffin,420 cal
Coconut Cake,356 cal
Coffee Cake,331 cal
Cream Puff,334 cal
Crumb Cake,441 cal
Cupcake,305 cal
Danish Pastry,374 cal
Donut,403 cal
Doughnut,403 cal
Flan,145 cal
Flourless Chocolate Cake,509 cal
French Cruller,412 cal
Fruit Cake,324 cal
Funnel Cake,307 cal
German Chocolate Cake,370 cal
Gingerbread,356 cal
Ice Cream Cake,200 cal
Key Lime Pie,359 cal
King Cake,377 cal
Layer Cake,402 cal
Lemon Cake,352 cal
Lemon Meringue Pie,268 cal
Madeira Cake,394 cal
Marble Cake,339 cal
Meringue,285 cal
Opera Cake,320 cal
Paczki,336 cal
Pancake,227 cal
Panettone,360 cal
Pavlova,294 cal
Peach Cobbler,65 cal
Peach Pie,223 cal
Pecan Pie,407 cal
Pineapple Upside-Down Cake,319 cal
Plum Cake,109 cal
Poppy-Seed Cake,394 cal
Pound Cake,390 cal
Profiterole,334 cal
Puff Pastry,558 cal
Pumpkin Bread,298 cal
Pumpkin Cheesecake,340 cal
Pumpkin Pie,243 cal
Raspberry Pie,240 cal
Red Velvet Cake,367 cal
Rhubarb Pie,245 cal
Rum Cake,351 cal
Sacher Torte,352 cal
Sponge Cake,289 cal
Strawberry Cheesecake,327 cal
Strawberry Pie,230 cal
Strawberry Rhubarb Pie,281 cal
Sweet Potato Pie,260 cal
Swiss Roll,439 cal
Tarte Tatin,210 cal
Tiramisu,283 cal
Tiramisu Cake,291 cal
Treacle Tart,369 cal
Tres Leches Cake,246 cal
Trifle,180 cal
Victoria Sponge Cake,257 cal
Waffles,312 cal
Wedding Cake,381 cal
3 Musketeers,400 cal
After Eight,452 cal
Airheads,375 cal
Almond Roca,571 cal
Angel Delight,451 cal
Animal Crackers,446 cal
Baby Ruth,469 cal
Butterfinger,450 cal
Buttermilk Pancakes,238 cal
Candy Apple,152 cal
Candy Cane,423 cal
Candy canes,423 cal
Candy Corn,360 cal
Candy Floss,400 cal
Caramel Popcorn,376 cal
Caramel squares,367 cal
Celebrations,490 cal
Cheez-It’s,533 cal
Chocolate,529 cal
Chocolate Bar,533 cal
Chocolate Chips,493 cal
Cookies,488 cal
Cotton Candy,643 cal
Eggy Bread,196 cal
Fairy Cakes,440 cal
Ferrero Rocher,576 cal
Flapjack,486 cal
Fortune Cookies,214 cal
Granola Bars,452 cal
Gumdrops,321 cal
Gummi Bears,316 cal
Hanuta,541 cal
Hershey Kisses,471 cal
Jelly Beans,354 cal
Jelly Belly,354 cal
Jolly Ranchers,385 cal
Jordan Almonds,429 cal
Kit Kat,521 cal
Laffy Taffy,372 cal
Licorice,375 cal
LifeSavers,500 cal
Lindt Chocolate,548 cal
Liquorice,375 cal
Lollipop,392 cal
M&M’s,479 cal
Maltesers,498 cal
Mars Bar,448 cal
Marshmallows,318 cal
Marzipan,411 cal
Mike and Ike,360 cal
Milk Duds,422 cal
Milky Way,449 cal
PayDay,462 cal
Peanut Bar,533 cal
Peanut Brittle,183 cal
Peanut Butter Bars,379 cal
Peanut Butter Cookies,475 cal
Peppermint bark,500 cal
Pez,427 cal
Pop Rocks,358 cal
Popcorn,582 cal
Pumpkin Seeds,560 cal
Reeses Peanut Butter Cups,536 cal
Rice Pudding,134 cal
Roasted Almonds,452 cal
Rolo,474 cal
S’mores,500 cal
Semolina,340 cal
Skittles,405 cal
Smarties,357 cal
Smores,500 cal
Snickers,484 cal
Sour Patch Kids,363 cal
Speculoos,469 cal
Spritz Cookies,500 cal
Take 5,476 cal
Toblerone,525 cal
Trifle,186 cal
Twix,495 cal
Waffles,272 cal
Whoopie Pie,400 cal
Baskin-Robbins,239 cal
Ben and Jerry’s,228 cal
Butter Pecan Ice Cream,248 cal
Carvel,212 cal
Chocolate Chip Ice Cream,215 cal
Chocolate Ice Cream,216 cal
Ciao Bella,109 cal
Coffee Ice Cream,236 cal
Cold Stone Creamery,232 cal
Cookie Dough Ice Cream,200 cal
Crunchie McFlurry,174 cal
Dairy Milk McFlurry,186 cal
Dippin Dots,224 cal
Double Rainbow,257 cal
Drumsticks,255 cal
French Vanilla Ice Cream,201 cal
Friendly’s,212 cal
Healthy Choice,125 cal
Hot Fudge Sundae,186 cal
Ice Cream Sandwich,237 cal
Ice Cream Sundae,142 cal
Ice Milk,159 cal
Magnolia,230 cal
Magnum,300 cal
Magnum Almond,315 cal
Magnum Double Caramel,355 cal
Magnum Double Chocolate,380 cal
Magnum Gold,341 cal
Magnum White,297 cal
McFlurry,153 cal
McFlurry Oreo,186 cal
Mini Milk,120 cal
Mint Chocolate Chip Ice Cream,239 cal
Rocky Road Ice Cream,257 cal
Schwan’s,246 cal
Smarties McFlurry,198 cal
Snickers Ice Cream,360 cal
Soft Serve,222 cal
Solero,100 cal
Strawberry Ice Cream,236 cal
Strawberry Sundae,158 cal
Sundae,215 cal
Turkey Hill,271 cal
Vanilla Cone,162 cal
Vanilla Ice Cream,201 cal
Acai Juice,58 cal
Aloe Vera,44 cal
Apple Juice,46 cal
Apricot Nectar,56 cal
Banana Juice,50 cal
Blackberry Juice,48 cal
Boysenberry Juice,54 cal
Capri-Sun,41 cal
Carrot Juice,40 cal
Chamomile Tea,0 cal
Cherry Juice,45 cal
Clamato,60 cal
Coconut Milk,233 cal
Coconut Water,19 cal
Concord Grape,71 cal
Cranberry Apple Juice,67 cal
Cranberry Grape Juice,71 cal
Cranberry Juice,46 cal
Cucumber Juice,10 cal
Currant Juice,48 cal
Energy-Drink,87 cal
Fruitopia,110 cal
Grape Juice,60 cal
Grapefruit Juice,46 cal
Lemon Juice,21 cal
Lemonade,50 cal
Lime Juice,21 cal
Limeade,128 cal
Mango Lassi,66 cal
Nestea,21 cal
Orange Juice,46 cal
Papaya Juice,58 cal
Passion Fruit Juice,48 cal
Peach Juice,54 cal
Peach Nectar,54 cal
Pear Juice,60 cal
Pear Nectar,60 cal
Pineapple Juice,53 cal
Pineapple Orange Juice,50 cal
Plum Juice,71 cal
Pomegranate Juice,66 cal
Sauerkraut Juice,14 cal
Tangerine Juice,43 cal
Tomato Juice,17 cal
Vegetable Juice,21 cal
White Grape Juice,75 cal
Absinthe,348 cal
Advocaat,283 cal
Amaretto,310 cal
Applejack,233 cal
Asti,138 cal
Bailey’s Irish Cream,327 cal
Baileys,327 cal
Beer,43 cal
Blue Curacao,243 cal
Bourbon,233 cal
Brandy,213 cal
Canadian Whiskey,216 cal
Chambord,348 cal
Champagne,75 cal
Cider,49 cal
Cognac,235 cal
Cointreau,320 cal
Drambuie,358 cal
Frangelico,238 cal
Gin,263 cal
Glenfiddich,230 cal
Grand Marnier,253 cal
Irish Whiskey,233 cal
Jack Daniel’s,146 cal
Jagermeister,250 cal
Jim Beam,222 cal
Kahlua,180 cal
Liqueur,250 cal
Liquor,250 cal
Midori,267 cal
Prosecco,66 cal
Punch,62 cal
Red Wine,85 cal
Rose Wine,71 cal
Rum,231 cal
Sambuca,333 cal
Sangria,96 cal
Scotch,222 cal
Sherry,116 cal
Sloe Gin,332 cal
Southern Comfort,247 cal
Tequila,110 cal
Triple Sec,153 cal
Vermouth,130 cal
Vodka,231 cal
Whisky,250 cal
White Wine,82 cal
Wine,83 cal
Ale,35 cal
Altbier,43 cal
Bass,45 cal
Beck’s,39 cal
Beer,43 cal
Blue Moon,48 cal
Bock Beer,50 cal
Buckler (N.A.),21 cal
Bud Ice,35 cal
Bud Light,29 cal
Bud Light Chelada,43 cal
Bud Light Lime,34 cal
Bud Select,28 cal
Bud Select 55,15 cal
Budweiser,41 cal
Budweiser Chelada,52 cal
Busch,37 cal
Busch Light,27 cal
Busch N.A.,17 cal
Carlsberg,32 cal
Clausthaler (N.A.),26 cal
Colt 45,44 cal
Coors,42 cal
Coors Light,29 cal
Coors N.A.,18 cal
Corona,42 cal
Dark Beer,46 cal
Genesee Cream Ale,46 cal
Ginger Beer,42 cal
Guinness,35 cal
Heineken,35 cal
Honey Brown,42 cal
Hurricane High Gravity,39 cal
IPA,51 cal
Keystone Ice,40 cal
Keystone Light,29 cal
Koelsch,43 cal
Labatt,43 cal
Lager Beer,43 cal
Land Shark,42 cal
Light Beer,29 cal
Lowenbrau,45 cal
Malt Beer,37 cal
Michelob Amber Bock,47 cal
Michelob Lager,44 cal
Michelob Light,32 cal
Michelob Ultra,27 cal
Michelob Ultra Amber,26 cal
Michelob Ultra Lime Cactus,27 cal
Miller Chill,31 cal
Miller Genuine Draft,40 cal
Miller High Life,40 cal
Miller High Life Light,31 cal
Miller Lite,27 cal
Milwaukee’s Best,36 cal
Milwaukee’s Best Light,28 cal
Molson,42 cal
Natural Ice,44 cal
Natural Light,27 cal
Newcastle,39 cal
Non-alcoholic Beer,37 cal
O’Doul’s (N.A.),19 cal
Old Milwaukee,41 cal
Old Milwaukee N.A.,16 cal
Olde English,45 cal
Pabst Blue Ribbon,41 cal
Pale Ale,42 cal
Pilsner,43 cal
Porter,54 cal
Redbridge (Gluten-free),45 cal
Rolling Rock,37 cal
Rolling Rock Light,30 cal
Root Beer,41 cal
Samuel Adams,45 cal
Shock Top,47 cal
Shock Top Raspberry Wheat,50 cal
Sierra Nevada Strong,62 cal
Sparks,74 cal
St. Pauli Girl,42 cal
Steel Reserve,63 cal
Stout,51 cal
Stout Beer,51 cal
Strong Beer,55 cal
Tilt,64 cal
Wheat Beer,45 cal
ACE Drink,44 cal
Apple Spritzer,24 cal
Chai,0 cal
Chai Tea,0 cal
Chocolate Milk,89 cal
Chocolate Milkshake,125 cal
Club Mate,30 cal
Coca Cola,42 cal
Coffee,1 cal
Coke Zero,1 cal
Cola,42 cal
Crystal Light,263 cal
Diet Coke,1 cal
Egg Cream,94 cal
Egg Nog,88 cal
Elderflower Cordial,29 cal
Evian,0 cal
Gatorade,23 cal
Ginger Tea,0 cal
Hawaiian Punch,31 cal
Hi-C,49 cal
Horchata,54 cal
Hot Chocolate,89 cal
Ice Tea,27 cal
Iced Tea,27 cal
Karamalz,37 cal
Kombucha,13 cal
Kool-Aid,26 cal
Lassi,104 cal
Latte Macchiato,57 cal
Lemonade,42 cal
Malt Beer,37 cal
Milk,61 cal
Milkshake (dry),329 cal
Milo,409 cal
Nectar,53 cal
Nestea,36 cal
Non-alcoholic Beer,37 cal
Powerade,16 cal
Slurpee,4 cal
Slush Puppie,50 cal
Smoothie,37 cal
Soy Milk,45 cal
Strawberry Milkshake,113 cal
Tang,381 cal
Tap Water,0 cal
Tea,1 cal
Vanilla Milkshake,149 cal
Volvic,0 cal
Water,0 cal
Yerba Mate,62 cal
7up,44 cal
Barq’s,46 cal
Bitter Lemon,34 cal
Canada Dry Ginger Ale,41 cal
Cherry Coke,44 cal
Coke,42 cal
Coke Zero,0 cal
Diet Cherry Coke,1 cal
Diet Coke,1 cal
Diet Dr. Pepper,0 cal
Diet Pepsi,0 cal
Diet Sunkist,0 cal
Dr. Brown’s,53 cal
Dr. Pepper,27 cal
Fanta,39 cal
Fanta Zero,0 cal
Five Alive,35 cal
Fresca,0 cal
Full Throttle,110 cal
Fuze,20 cal
Fuze Tea,25 cal
Gatorade,25 cal
Ginger Ale,35 cal
Ice Tea,27 cal
Jolt Cola,44 cal
Kool-Aid,26 cal
Lemonade,42 cal
Mello Yello,49 cal
Minute Maid,46 cal
Minute Maid Light,2 cal
Mug Root Beer,42 cal
Orange Soda,48 cal
Pepsi,44 cal
Pibb Xtra,40 cal
Powerade,120 cal
Schweppes Ginger Ale,38 cal
Soda,53 cal
Sprite,37 cal
Sprite Zero,0 cal
Squirt,44 cal
Sunkist,25 cal
Surge,48 cal
TaB,0 cal
Tonic Water,35 cal
Vanilla Coke,45 cal
Cabernet Sauvignon,77 cal
Cava,76 cal
Champagne,76 cal
Chardonnay,85 cal
Chenin Blanc,80 cal
Chocolate Wine,256 cal
Dry Red Wine,85 cal
Gamay,78 cal
Malbec,82 cal
Malbec Wine,82 cal
Marsala Wine,100 cal
Merlot,83 cal
Merlot Wine,83 cal
Moscato Wine,76 cal
Mulled Wine,196 cal
Pinot Gris,83 cal
Pinot Noir,75 cal
Plum Wine,163 cal
Port Wine,160 cal
Prosecco,71 cal
Red Wine,85 cal
Red Wines,85 cal
Riesling,80 cal
Riesling Wine,80 cal
Rose Wine,71 cal
Sangria,132 cal
Sauvignon Blanc,81 cal
Sherry,116 cal
Shiraz,71 cal
Sparkling Wine,190 cal
Sweet Red Wine,81 cal
Sweet White Wine,82 cal
Sweet Wines,83 cal
Vermouth,108 cal
White Wine,82 cal
White Zinfandel,88 cal
Wine,83 cal
Yellow Tail Wine,71 cal
Zinfandel,88 cal
Amaranth,371 cal
Barley,354 cal
Barley Groats,100 cal
Brown Rice,388 cal
Buckwheat,343 cal
Buckwheat Groats,346 cal
Corn Waffles,274 cal
Cornmeal,362 cal
Cornstarch,381 cal
Couscous,376 cal
Cracker,502 cal
Durum Wheat Semolina,397 cal
Flaxseed,534 cal
Freekeh,520 cal
Gluten,370 cal
Grissini,408 cal
Kamut,337 cal
Millet,378 cal
Millet Flour,372 cal
Millet Gruel,46 cal
Oat Bran,246 cal
Pearl Barley,352 cal
Polenta,366 cal
Prawn Crackers,527 cal
Pretzel Sticks,380 cal
Quinoa,368 cal
Rusk,410 cal
Rye Bran,281 cal
Sago,354 cal
Savoury Biscuits,347 cal
Shortbread,502 cal
Spelt,338 cal
Spelt Bran,177 cal
Spelt Semolina,360 cal
Sunflower Seeds,584 cal
Tortilla,237 cal
Tortilla Chips,499 cal
Wheat Bran,216 cal
Wheat Germ,382 cal
Wheat Gluten,325 cal
Wheat Semolina,360 cal
Wheat Starch,351 cal
Whole Grain Wheat,339 cal
Wholegrain Oat,375 cal
Bran Flakes,356 cal
Cap’n Crunch,404 cal
Cheerios,347 cal
Chex,387 cal
Chocolate Cheerios,367 cal
Chocos,380 cal
Cinnamon Toast Crunch,433 cal
Coco Pops,376 cal
Cocoa Krispies,386 cal
Cocoa Pebbles,367 cal
Cocoa Puffs,400 cal
Cookie Crisp,400 cal
Corn Flakes,357 cal
Corn Pops,377 cal
Count Chocula,407 cal
Cracklin Oat Bran,402 cal
Cream of Wheat,364 cal
Crunchy Nut,600 cal
Crunchy Nut Cornflakes,600 cal
Fiber One,267 cal
Froot Loops,379 cal
Frosted Cheerios,393 cal
Frosted Flakes,367 cal
Frosted Mini-Wheats,353 cal
Frosties,367 cal
Fruity Pebbles,400 cal
Golden Grahams,400 cal
Grape-Nuts,362 cal
Honey Nut Cheerios,393 cal
Honey Smacks,370 cal
Honeycomb,397 cal
Just Right,391 cal
Kashi,377 cal
Kelloggs Corn Flakes,357 cal
Kix,367 cal
Krave,372 cal
Life Cereal,375 cal
Lucky Charms,406 cal
Malt-O-Meal,51 cal
Mini-Wheats,353 cal
Muesli,336 cal
Multigrain Cheerios,380 cal
Nutri-Grain,351 cal
Oatibix,421 cal
Oatmeal,375 cal
Peanut Butter Toast Crunch,431 cal
Post Raisin Bran,322 cal
Post Shredded Wheat,347 cal
Puff,367 cal
Puffed Rice,383 cal
Puffed Wheat,367 cal
Quaker Grits,344 cal
Quaker Oatmeal,375 cal
Quaker Oatmeal Squares,400 cal
Raisin Bran,322 cal
Raisin Bran Crunch,355 cal
Raisin Bran Crunch,355 cal
Raisin Nut Bran,367 cal
Ready Brek,359 cal
Rice Chex,387 cal
Rice Krispies,394 cal
Scooters,367 cal
Shredded Wheat,340 cal
Shreddies,351 cal
Smart Start,371 cal
Special K,377 cal
Special K Chocolatey Delight,388 cal
Special K Protein Plus,375 cal
Special K Red Berries,345 cal
Sugar Puffs,379 cal
Toasties,361 cal
Trix,400 cal
Weet-Bix,353 cal
Weetabix,358 cal
Weetos,378 cal
Wheaties,367 cal
Cannelloni,146 cal
Capellini,353 cal
Cappelletti,164 cal
Cellophane Noodles,351 cal
Cheese Tortellini,291 cal
Dampfnudel,274 cal
Dumpling Dough,99 cal
Durum Wheat Semolina,397 cal
Egg Noodles,384 cal
Farfalle,358 cal
Fettuccine,353 cal
Fusilli,352 cal
Glass Noodles,192 cal
Lasagne Sheets,271 cal
Linguine,357 cal
Low Carb Pasta,282 cal
Macaroni,370 cal
Manicotti,357 cal
Mostaccioli,184 cal
Orecchiette,370 cal
Orzo,357 cal
Penne,351 cal
Penne Rigate,370 cal
Pierogi,200 cal
Ravioli,77 cal
Rigatoni,353 cal
Rotini,353 cal
Shells,353 cal
Shirataki Noodles,18 cal
Soy Noodles,216 cal
Spaetzle,368 cal
Spaghetti,370 cal
Spinach Tortellini,314 cal
Spirelli,367 cal
Tagliatelle,370 cal
Tortellini,291 cal
Vermicelli,368 cal
Whole Grain Noodles,347 cal
Whole Grain Spaghetti,351 cal
Ziti,352 cal
Baby Back Ribs,259 cal
Bacon and Eggs,252 cal
Baked Beans,94 cal
Baked Chicken,164 cal
BBQ Ribs,255 cal
Beef Stew,95 cal
Biryani,176 cal
Black Pudding,253 cal
Black Rice,323 cal
BLT,247 cal
Brown Rice,362 cal
Burrito,163 cal
Butter Chicken,140 cal
California Roll,93 cal
Chicken Caesar Salad,127 cal
Chicken Fried Steak,151 cal
Chicken Marsala,96 cal
Chicken Parmesan,110 cal
Chicken Pot Pie,223 cal
Chicken Tikka Masala,81 cal
Chili con Carne,105 cal
Chimichanga,232 cal
Cobb Salad,118 cal
Collard Greens,28 cal
Corn Dog,250 cal
Corned Beef Hash,164 cal
Cottage Pie,139 cal
Dal,330 cal
Deviled Eggs,201 cal
Dim Sum,193 cal
Dosa,66 cal
Enchiladas,168 cal
Fajita,117 cal
Fish and Chips,195 cal
Fried Rice,186 cal
Fried Shrimp,277 cal
Grilled Cheese Sandwich,288 cal
Ham and Cheese Sandwich,241 cal
Hummus,177 cal
Jambalaya,100 cal
Kebab,215 cal
Lasagne,132 cal
Mac and Cheese,370 cal
Macaroni and Cheese,370 cal
Mashed Potatoes,83 cal
Meat Pie,242 cal
Meatloaf,254 cal
Naan,310 cal
Orange Chicken,259 cal
Pad Thai,150 cal
Paella,156 cal
Paratha,325 cal
Pea Soup,75 cal
Peanut Butter Sandwich,408 cal
Peking Duck,225 cal
Philly Cheese Steak,250 cal
Pizza,267 cal
Pork Chop,225 cal
Potato Salad,143 cal
Pulled Pork Sandwich,211 cal
Ramen,447 cal
Ravioli,203 cal
Reuben Sandwich,208 cal
Roast Beef,111 cal
Roast Dinner,198 cal
Samosa,214 cal
Sausage Roll,350 cal
Sausage Rolls,297 cal
Shepherds Pie,70 cal
Shrimp Cocktail,464 cal
Sloppy Joe,71 cal
Sloppy Joes,154 cal
Spaghetti Bolognese,132 cal
Spring Roll,250 cal
Spring Rolls,250 cal
Taco,217 cal
Tandoori Chicken,113 cal
Yorkshire Pudding,553 cal
Alphabet Soup,25 cal
Bean Stew,133 cal
Beef Bouillon,3 cal
Beef Noodle Soup,34 cal
Beef Soup,33 cal
Bouillon,16 cal
Broccoli Cheese Soup,87 cal
Broccoli Soup,87 cal
Cabbage Soup,28 cal
Carrot Ginger Soup,25 cal
Carrot Soup,25 cal
Chicken Bouillon,4 cal
Chicken Broth,16 cal
Chicken Gumbo Soup,23 cal
Chicken Noodle Soup,25 cal
Chicken Stock,16 cal
Chicken Vegetable Soup,31 cal
Chicken with Rice Soup,24 cal
Cream of Asparagus Soup,35 cal
Cream of Broccoli Soup,45 cal
Cream of Celery Soup,37 cal
Cream of Chicken Soup,48 cal
Cream of Mushroom Soup,39 cal
Cream of Onion Soup,44 cal
Cream of Potato Soup,30 cal
Creamy Chicken Noodle Soup,23 cal
French Onion Soup,23 cal
Golden Mushroom Soup,65 cal
Goulash,1009 cal
Instant Ramen,436 cal
Lentil Soup,56 cal
Lobster Bisque Soup,100 cal
Meatball Soup,49 cal
Minestrone,34 cal
Mushroom Soup,35 cal
Noodle Soup,34 cal
Onion Soup,23 cal
Oxtail Soup,28 cal
Pea Soup,75 cal
Potato Soup,80 cal
Pumpkin Soup,29 cal
Ramen,436 cal
Scotch Broth,33 cal
Succotash,115 cal
Thai Soup,60 cal
Tomato Rice Soup,47 cal
Tomato Soup,30 cal
Vegetable Beef Soup,31 cal
Vegetable Broth,5 cal
Vegetable Soup,28 cal
Vegetable Stock,5 cal
Wedding Soup,53 cal
Azuki Bean,124 cal
Bamboo Shoots,27 cal
Bean Curd,76 cal
Bean Sprouts,30 cal
Bengal Gram,364 cal
Black Beans,341 cal
Black Chickpeas,364 cal
Black Gram,341 cal
Brown Lentil,353 cal
Butternut,612 cal
Chickpeas,364 cal
Chili Bean,97 cal
Dal,230 cal
Deep-Fried Tofu,271 cal
Extra-Firm Tofu,91 cal
Firm Tofu,70 cal
Flageolet,85 cal
Fried Bean Curd,271 cal
Green Beans,31 cal
Green Gram,347 cal
Green Lentil,257 cal
Kidney Beans,337 cal
Lentils,353 cal
Lima Beans,71 cal
Marron,210 cal
Miso,199 cal
Mung Beans,12 cal
Natto,212 cal
Navy Bean,337 cal
Okara,77 cal
Okra,33 cal
Peanuts,567 cal
Peas,42 cal
Pecan,691 cal
Pinto Beans,347 cal
Puy Lentils,345 cal
Rajma,140 cal
Red Beans,124 cal
Red Kidney Bean,337 cal
Red Lentils,329 cal
Refried Beans,91 cal
Roasted Soybeans,471 cal
Silken Tofu,55 cal
Soft Tofu,61 cal
Soy Cheese,235 cal
Soy Mayonnaise,322 cal
Soy Nut Butter,562 cal
Soy Nuts,471 cal
Soy Yogurt,66 cal
Soya Cheese,235 cal
Soybeans,147 cal
Soynut Butter,562 cal
Sugar Peas,42 cal
Sweet Peas,48 cal
Tempeh,193 cal
Textured Soy Protein,571 cal
Textured Vegetable Protein,333 cal
Tofu,76 cal
White Beans,336 cal
Yam Bean,38 cal
Yellow Lentils,304 cal
Yuba,176 cal
Acorn,387 cal
Alfalfa Sprouts,23 cal
Almonds,575 cal
Beechnut,576 cal
Brazil Nuts,656 cal
Breadfruit,191 cal
Butternut,612 cal
Cashew,553 cal
Chestnut,213 cal
Chia Seeds,486 cal
Coconut,354 cal
Cotton Seeds,506 cal
Flaxseed,534 cal
Ginkgo Nuts,182 cal
Goa Bean,409 cal
Hazelnut,628 cal
Hickory Nuts,657 cal
Lima Beans,71 cal
Lotus Seed,89 cal
Macadamia Nuts,718 cal
Peanuts,567 cal
Peas,81 cal
Pecan Nuts,691 cal
Pecans,691 cal
Pili Nuts,719 cal
Pine Nuts,673 cal
Pinto Beans,347 cal
Pistachios,562 cal
Poppy Seeds,525 cal
Pumpkin Seeds,559 cal
Radish Seeds,43 cal
Safflower Seeds,517 cal
Sesame Seeds,573 cal
Smoked Almonds,575 cal
Soy Beans,147 cal
Sunflower Seeds,584 cal
Sweet Chestnut,194 cal
Walnuts,654 cal
Watermelon,30 cal
Almond Oil,882 cal
Avocado Oil,857 cal
Butter,720 cal
Canola Oil,884 cal
Coconut Oil,857 cal
Cod Liver Oil,1000 cal
Corn Oil,800 cal
Cottonseed Oil,882 cal
Flaxseed Oil,884 cal
Ghee,120 cal
Goose Fat,898 cal
Grape Seed Oil,884 cal
Hemp Oil,807 cal
Herring Oil,902 cal
I can\’t believe it\’s not Butter,357 cal
Lard,902 cal
Macadamia Oil,819 cal
Margarine,717 cal
Mustard Oil,884 cal
Olive Oil,884 cal
Palm Oil,882 cal
Peanut Oil,857 cal
Real Butter,720 cal
Rice Bran Oil,889 cal
Safflower Oil,857 cal
Sardine Oil,902 cal
Sesame Oil,884 cal
Soybean Oil,889 cal
Sunflower Oil,884 cal
Walnut Oil,889 cal
Almond Oil,882 cal
Apricot Kernel Oil,889 cal
Argan Oil,896 cal
Avocado Oil,857 cal
Babassu Oil,884 cal
Canola Oil,884 cal
Coconut Oil,857 cal
Corn Oil,800 cal
Cottonseed Oil,882 cal
Flaxseed Oil,884 cal
Grape Seed Oil,884 cal
Hazelnut Oil,889 cal
Linseed Oil,837 cal
Menhaden Oil,911 cal
Mustard Oil,884 cal
Oat Oil,884 cal
Olive Oil,800 cal
Palm Kernel Oil,882 cal
Palm Oil,882 cal
Peanut Oil,857 cal
Poppy Seed Oil,884 cal
Pumpkin Seed Oil,880 cal
Rice Bran Oil,889 cal
Safflower Oil,857 cal
Salmon Oil,911 cal
Sesame Oil,889 cal
Shea Oil,884 cal
Soy Oil,882 cal
Sunflower Oil,884 cal
Tomato Seed Oil,884 cal
Vegetable Oil,800 cal
Walnut Oil,889 cal
Wheat Germ Oil,929 cal
Agar-Agar,26 cal
Agave Syrup,310 cal
All Purpose Flour,364 cal
Almond Extract,258 cal
Almonds,529 cal
Apple Pie Filling,100 cal
Baking Powder,53 cal
Baking Soda,0 cal
Bread Flour,361 cal
Brittle,592 cal
Brown Sugar,395 cal
Buttermilk,62 cal
Butterscotch Chips,539 cal
Cake Flour,362 cal
Candied Orange Peel,97 cal
Cane Sugar,387 cal
Chocolate Chips,467 cal
Chocolate Sprinkles,500 cal
Cocoa Powder,228 cal
Coconut Flakes,456 cal
Coconut Milk,50 cal
Corn Flour,361 cal
Corn Syrup,281 cal
Cornmeal,362 cal
Cornstarch,381 cal
Couverture,600 cal
Cream Cheese,54 cal
Cream of Tartar,258 cal
Crystallized Ginger,335 cal
Custard Powder,337 cal
Dark Rum,216 cal
Dextrose,375 cal
Dried Apricots,241 cal
Dried Cranberries,308 cal
Dried Figs,249 cal
Dried Prunes,107 cal
Duck Egg,185 cal
Egg,97 cal
Egg Nog,88 cal
Egg White,13 cal
Egg Yolk,322 cal
Evaporated Milk,134 cal
Flour,364 cal
Fructose,368 cal
Gelatin,335 cal
Glucose,286 cal
Glucose Syrup,387 cal
Granulated Sugar,387 cal
Ground Cinnamon,247 cal
Hazelnuts,628 cal
Heavy Cream,345 cal
Jaggery,383 cal
Lemon Pie Filling,143 cal
Malt Powder,361 cal
Malted Milk,405 cal
Maltitol,210 cal
Maltodextrin,375 cal
Maltose,344 cal
Maple Syrup,270 cal
Molasses,290 cal
Nonpareils,475 cal
Peppermint Extract,0 cal
Poppy Seeds,525 cal
Powdered Milk,496 cal
Powdered Sugar,389 cal
Protein Powder,411 cal
Raisins,474 cal
Rice Milk,49 cal
Rock Sugar,625 cal
Rolled Oats,384 cal
Rum,246 cal
Semolina Flour,350 cal
Sesame Seeds,573 cal
Shredded Coconut,501 cal
Sorbitol,375 cal
Soy Milk,41 cal
Soy Protein Powder,338 cal
Sprinkles,500 cal
Starch,381 cal
Strawberry Preserves,278 cal
Sucrose,387 cal
Sugar,405 cal
Sunflower Seeds,117 cal
Sweetened Condensed Milk,321 cal
Sweetener,360 cal
Unsalted Butter,717 cal
Vanilla Extract,288 cal
Vanilla Sugar,357 cal
Vegetable Oil,884 cal
Vegetable Shortening,884 cal
Walnuts,131 cal
Whole Milk,61 cal
Whole Wheat Flour,340 cal
Xylitol,240 cal
Yeast (dry),325 cal
Anchovy,131 cal
Bluefish,159 cal
Bream,135 cal
Butterfish,187 cal
Calamari,175 cal
Carp,162 cal
Caviar,264 cal
Clam,148 cal
Cod,105 cal
Crawfish,82 cal
Crayfish,87 cal
Eel,236 cal
Fish Fingers,290 cal
Fish Sticks,290 cal
Flounder,86 cal
Grouper,118 cal
Haddock,90 cal
Hake,71 cal
Halibut,111 cal
Herring,203 cal
Hoki,121 cal
Kipper,217 cal
Ling,109 cal
Lobster,89 cal
Mackerel,262 cal
Milkfish,190 cal
Monkfish,97 cal
Mullet,150 cal
Mussel,172 cal
Octopus,164 cal
Pickerel,111 cal
Pickled Herring,262 cal
Pike,113 cal
Plaice,91 cal
Pollack,111 cal
Red Snapper,128 cal
Redfish,94 cal
Rollmops,171 cal
Salmon,206 cal
Sardines,208 cal
Scallops,111 cal
Scampi,84 cal
Sea Bass,124 cal
Shad,252 cal
Shark,130 cal
Smelt,124 cal
Sole,86 cal
Squid,92 cal
Sturgeon,135 cal
Sushi,150 cal
Swordfish,172 cal
Triggerfish,93 cal
Trout,190 cal
Tuna,132 cal
Tuna Salad,187 cal
Turbot,122 cal
Wahoo,167 cal
Whitefish,172 cal
Whiting,116 cal
Zander,84 cal
Almond Extract,374 cal
Anise,337 cal
Anise Seed,337 cal
Arrowroot,65 cal
Arugula,25 cal
Balsamic Vinegar,88 cal
Basil,233 cal
Black Pepper,251 cal
Black Sesame Seeds,573 cal
Broth,100 cal
Capers,23 cal
Caraway Seeds,333 cal
Cardamom,311 cal
Cassava,160 cal
Cayenne Pepper,318 cal
Chard,19 cal
Chicory Greens,23 cal
Chicory Roots,72 cal
Chili,282 cal
Chili Powder,282 cal
Chives,30 cal
Cider Vinegar,21 cal
Cilantro,23 cal
Cinnamon,247 cal
Cloves,274 cal
Coriander,23 cal
Cream of Tartar,258 cal
Cress,32 cal
Crystallized Ginger,335 cal
Cumin,375 cal
Cumin Seed,375 cal
Curry,325 cal
Dandelion,45 cal
Dill,43 cal
Dill Weed,43 cal
Fennel,31 cal
Fennel Seed,345 cal
Fenugreek,323 cal
Garlic,149 cal
Garlic Powder,331 cal
Garlic Salt,0 cal
Ginger,80 cal
Grape Leaves,93 cal
Ground Ginger,335 cal
Horseradish,48 cal
Hot Pepper,318 cal
Iodized Salt,0 cal
Jalapeno,13 cal
Juniper,45 cal
Lemon Grass,99 cal
Licorice,375 cal
Maggi,104 cal
Marjoram,271 cal
Minced Onion,40 cal
Mint,70 cal
Mustard Seed,508 cal
Nutmeg,525 cal
Okra,33 cal
Onion,40 cal
Onion Powder,341 cal
Orange Peel,97 cal
Oregano,265 cal
Paprika,282 cal
Parsley,36 cal
Parsnip,75 cal
Pepper,251 cal
Poppy Seed,525 cal
Poultry Seasoning,307 cal
Pumpkin Pie Spice,342 cal
Red Pepper,251 cal
Red Wine Vinegar,19 cal
Rosemary,131 cal
Saffron,310 cal
Sage,315 cal
Salt,0 cal
Savory,272 cal
Sea Salt,0 cal
Serrano Pepper,32 cal
Sesame Seeds,573 cal
Stevia,0 cal
Tamarind,239 cal
Taro,112 cal
Tarragon,295 cal
Thyme,276 cal
Turmeric,354 cal
Vanilla Bean,250 cal
Vanilla Extract,288 cal
Vinegar,18 cal
White Pepper,296 cal
Yam,118 cal
Apple Pie,237 cal
Apple Turnover,348 cal
Bagel,257 cal
Baguette,274 cal
Banana Bread,326 cal
Banana Nut Bread,326 cal
Beer Bread,227 cal
Biscuit,269 cal
Black Bread,250 cal
Bran Muffins,270 cal
Bread Pudding,153 cal
Breadsticks,400 cal
Brioche,346 cal
Brown Bread,246 cal
Brownies,405 cal
Bun,316 cal
Cannoli,254 cal
Caramel Cake,385 cal
Challah,283 cal
Chapati,240 cal
Ciabatta,271 cal
Cinnamon Bun,436 cal
Coffee Cake,418 cal
Conchas/Mexican Sweet Bread,353 cal
Cornbread,179 cal
Crepes,224 cal
Croissant,406 cal
Crumpet,178 cal
Cupcakes,305 cal
Donut/Doughnut,421 cal
Dosa,209 cal
Empanada,335 cal
English Muffin,227 cal
Flatbread,311 cal
Focaccia,249 cal
Garlic Bread,350 cal
Hot Dog Buns,279 cal
Italian Bread,271 cal
Latkes,189 cal
Matzo Bread,351 cal
Monkey Bread,290 cal
Muffin,296 cal
Multi-Grain Bread,265 cal
Naan,275 cal
Oatmeal Cookies,450 cal
Oatmeal Raisin Cookies,435 cal
Pan de Sal,293 cal
Pancake,233 cal
Pandesal,293 cal
Panettone,318 cal
Pide,268 cal
Pie,237 cal
Pita Bread,275 cal
Potato Bread,266 cal
Pretzel,338 cal
Pretzel Roll,338 cal
Puff Pastry,558 cal
Pumpernickel,250 cal
Raisin Bread,274 cal
Roll,316 cal
Roti,264 cal
Rye Bread,259 cal
Sandwich,304 cal
Sandwich Bread,251 cal
Scone,362 cal
Shortcrust Pastry,544 cal
Soda Bread,290 cal
Soufflé,204 cal
Sourdough Bread,289 cal
Spanakopita,246 cal
Spice Cake,332 cal
Sweet Rolls,333 cal
Swiss Roll,313 cal
Toast,261 cal
Tortilla,297 cal
Tortilla Bread,265 cal
White Bread,238 cal
Whole Wheat Bread,247 cal
1000 Island Dressing,370 cal
Ajvar,18 cal
Arrabiata Sauce,36 cal
Balsamic Vinaigrette Dressing,290 cal
Barbecue Sauce,150 cal
Bechamel Sauce,225 cal
Bernaise Sauce,414 cal
Blue Cheese Dressing,533 cal
Bolognese,106 cal
Buttermilk Ranch Dressing,533 cal
Caesar Dressing,429 cal
Catalina Dressing,282 cal
Chasseur Sauce,45 cal
Chili Sauce,112 cal
Cream Sauce,180 cal
Curry Ketchup,124 cal
Curry Sauce,26 cal
French Dressing,60 cal
Gravy,53 cal
Greek Dressing,467 cal
Hamburger Sauce,383 cal
Harissa,52 cal
Hollandaise Sauce,535 cal
Honey Mustard Dressing,464 cal
Horseradish,48 cal
Italian Dressing,293 cal
Ketchup,100 cal
Mayonnaise,692 cal
Mustard,60 cal
Mustard Sauce,645 cal
Orange Sauce,179 cal
Pesto,458 cal
Ranch Dressing,510 cal
Remoulade Sauce,635 cal
Russian Dressing,400 cal
Salad Dressing,449 cal
Sambal Oelek,21 cal
Sesame Ginger Dressing,464 cal
Sesame Paste,595 cal
Sour Cream,217 cal
Sour Cream Sauce,60 cal
Soy Sauce,67 cal
Sweet and Sour Sauce,179 cal
Tabasco,70 cal
Teriyaki Sauce,89 cal
Thai Curry Paste,155 cal
Tomato Paste,82 cal
Tomato Puree,38 cal
Tomato Sauce,24 cal
Tzatziki,94 cal
Vinaigrette,120 cal
Worcestershire Sauce,78 cal
Yogurt Dressing,45 cal
Zesty Italian Dressing,267 cal
Almond Butter,614 cal
Apple Butter,173 cal
Applesauce,68 cal
Apricot Jam,250 cal
Blackberry Jam,250 cal
Blackcurrant Jam,250 cal
Blueberry Jam,250 cal
Cheese Spread,290 cal
Cherry Jam,250 cal
Chocolate Philadelphia,287 cal
Chocolate Spread,541 cal
Cream Cheese,342 cal
Egg,97 cal
Grape Jelly,255 cal
Honey,304 cal
Jelly,278 cal
Jif Peanut Butter,580 cal
Liverwurst,305 cal
Margarine,717 cal
Marmite,225 cal
Marshmallow Fluff,666 cal
Nutella,544 cal
Olive Spread,550 cal
"Pâté (720), Pate",319 cal
Peanut Butter,589 cal
Peter Pan Peanut Butter,609 cal
Philadelphia Cream Cheese,342 cal
Plum Jam,250 cal
Salted Butter,717 cal
Skippy Peanut Butter,594 cal
Smuckers Strawberry Jam,250 cal
Strawberry Jam,250 cal
Strawberry Jelly,250 cal
Sunbutter,617 cal
Sunflower Butter,617 cal
Tapenade,233 cal
Unsalted Butter,717 cal
Vegemite,180 cal
Wild Honey,286 cal
